"HITId","HITTypeId","Title","Description","Keywords","Reward","CreationTime","MaxAssignments","RequesterAnnotation","AssignmentDurationInSeconds","AutoApprovalDelayInSeconds","Expiration","NumberOfSimilarHITs","LifetimeInSeconds","AssignmentId","WorkerId","AssignmentStatus","AcceptTime","SubmitTime","AutoApprovalTime","ApprovalTime","RejectionTime","RequesterFeedback","WorkTimeInSeconds","LifetimeApprovalRate","Last30DaysApprovalRate","Last7DaysApprovalRate","Input.taskId","Input.goal","Input.demo","Input.screen_url_0","Input.screen_url_1","Input.screen_url_2","Input.screen_url_3","Input.screen_url_4","Input.screen_url_5","Input.screen_url_6","Input.screen_url_7","Input.screen_url_8","Input.screen_url_9","Input.screen_url_10","Input.screen_url_11","Input.screen_url_12","Input.screen_url_13","Input.screen_url_14","Input.screen_url_15","Input.screen_url_16","Input.screen_url_17","Input.screen_url_18","Input.screen_url_19","Input.screen_url_20","Input.screen_url_21","Input.screen_url_22","Input.screen_url_23","Input.screen_url_24","Input.screen_url_25","Input.time_step_0","Input.time_step_1","Input.time_step_2","Input.time_step_3","Input.time_step_4","Input.time_step_5","Input.time_step_6","Input.time_step_7","Input.time_step_8","Input.time_step_9","Input.time_step_10","Input.time_step_11","Input.time_step_12","Input.time_step_13","Input.time_step_14","Input.time_step_15","Input.time_step_16","Input.time_step_17","Input.time_step_18","Input.time_step_19","Input.time_step_20","Input.time_step_21","Input.time_step_22","Input.time_step_23","Input.time_step_24","Input.time_step_25","Answer.initial_state_description","Answer.simulation_description","Answer.taskId","Approve","Reject"
"39WICJI5AVA6WBC91I38FKGVZMG3ZJ","3WZSTMTM4H957FS6KRDTPZ29I2FIYA","Describe salient frames","Using natural language explain why the displayed frames are important to reach the goal","explanation, natural language, text","$1.00","Sat Dec 07 11:41:33 PST 2019","1","BatchId:3862104;OriginalHitTemplateId:928390828;","3600","7200","Sat Dec 07 18:41:33 PST 2019","","","3HUTX6F6VX58Z9ZDLBJO4WZLPE8O20","A299J4PKHAEU9H","Submitted","Sat Dec 07 12:42:37 PST 2019","Sat Dec 07 12:47:56 PST 2019","Sat Dec 07 14:47:56 PST 2019","","","","319","100% (126/126)","100% (71/71)","100% (71/71)","00014-518","Add one ball to make sure the green ball is touching the purple bar.","https://phyre-nlp.s3.us-east-2.amazonaws.com/data/imgs/00014/518/collisions.gif","https://phyre-nlp.s3.us-east-2.amazonaws.com/data/imgs/00014/518/0.png","https://phyre-nlp.s3.us-east-2.amazonaws.com/data/imgs/00014/518/82.png","https://phyre-nlp.s3.us-east-2.amazonaws.com/data/imgs/00014/518/104.png","https://phyre-nlp.s3.us-east-2.amazonaws.com/data/imgs/00014/518/189.png","https://phyre-nlp.s3.us-east-2.amazonaws.com/data/imgs/00014/518/260.png","https://phyre-nlp.s3.us-east-2.amazonaws.com/data/imgs/00014/518/463.png","https://phyre-nlp.s3.us-east-2.amazonaws.com/data/imgs/00014/518/463.png","https://phyre-nlp.s3.us-east-2.amazonaws.com/data/imgs/00014/518/463.png","https://phyre-nlp.s3.us-east-2.amazonaws.com/data/imgs/00014/518/463.png","https://phyre-nlp.s3.us-east-2.amazonaws.com/data/imgs/00014/518/463.png","https://phyre-nlp.s3.us-east-2.amazonaws.com/data/imgs/00014/518/463.png","https://phyre-nlp.s3.us-east-2.amazonaws.com/data/imgs/00014/518/463.png","https://phyre-nlp.s3.us-east-2.amazonaws.com/data/imgs/00014/518/463.png","https://phyre-nlp.s3.us-east-2.amazonaws.com/data/imgs/00014/518/463.png","https://phyre-nlp.s3.us-east-2.amazonaws.com/data/imgs/00014/518/463.png","https://phyre-nlp.s3.us-east-2.amazonaws.com/data/imgs/00014/518/463.png","https://phyre-nlp.s3.us-east-2.amazonaws.com/data/imgs/00014/518/463.png","https://phyre-nlp.s3.us-east-2.amazonaws.com/data/imgs/00014/518/463.png","https://phyre-nlp.s3.us-east-2.amazonaws.com/data/imgs/00014/518/463.png","https://phyre-nlp.s3.us-east-2.amazonaws.com/data/imgs/00014/518/463.png","https://phyre-nlp.s3.us-east-2.amazonaws.com/data/imgs/00014/518/463.png","https://phyre-nlp.s3.us-east-2.amazonaws.com/data/imgs/00014/518/463.png","https://phyre-nlp.s3.us-east-2.amazonaws.com/data/imgs/00014/518/463.png","https://phyre-nlp.s3.us-east-2.amazonaws.com/data/imgs/00014/518/463.png","https://phyre-nlp.s3.us-east-2.amazonaws.com/data/imgs/00014/518/463.png","https://phyre-nlp.s3.us-east-2.amazonaws.com/data/imgs/00014/518/463.png","0","82","104","189","260","463","463","463","463","463","463","463","463","463","463","463","463","463","463","463","463","463","463","463","463","463","good style","good effect","00014-518"
"3QREJ3J435FSNK3C7N4YORMZVZULKT","3WZSTMTM4H957FS6KRDTPZ29I2FIYA","Describe salient frames","Using natural language explain why the displayed frames are important to reach the goal","explanation, natural language, text","$1.00","Sat Dec 07 11:41:33 PST 2019","1","BatchId:3862104;OriginalHitTemplateId:928390828;","3600","7200","Sat Dec 07 18:41:33 PST 2019","","","39OWYR0EPN94UHFRFT7TQ6RCCR5FYD","A2CK0OXMPOR9LE","Submitted","Sat Dec 07 11:49:49 PST 2019","Sat Dec 07 12:35:24 PST 2019","Sat Dec 07 14:35:24 PST 2019","","","","2735","100% (238/238)","100% (53/53)","100% (53/53)","00004-232","Add one ball to make sure the green ball is touching the blue bar.","https://phyre-nlp.s3.us-east-2.amazonaws.com/data/imgs/00004/232/collisions.gif","https://phyre-nlp.s3.us-east-2.amazonaws.com/data/imgs/00004/232/0.png","https://phyre-nlp.s3.us-east-2.amazonaws.com/data/imgs/00004/232/36.png","https://phyre-nlp.s3.us-east-2.amazonaws.com/data/imgs/00004/232/67.png","https://phyre-nlp.s3.us-east-2.amazonaws.com/data/imgs/00004/232/95.png","https://phyre-nlp.s3.us-east-2.amazonaws.com/data/imgs/00004/232/135.png","https://phyre-nlp.s3.us-east-2.amazonaws.com/data/imgs/00004/232/171.png","https://phyre-nlp.s3.us-east-2.amazonaws.com/data/imgs/00004/232/171.png","https://phyre-nlp.s3.us-east-2.amazonaws.com/data/imgs/00004/232/171.png","https://phyre-nlp.s3.us-east-2.amazonaws.com/data/imgs/00004/232/171.png","https://phyre-nlp.s3.us-east-2.amazonaws.com/data/imgs/00004/232/171.png","https://phyre-nlp.s3.us-east-2.amazonaws.com/data/imgs/00004/232/171.png","https://phyre-nlp.s3.us-east-2.amazonaws.com/data/imgs/00004/232/171.png","https://phyre-nlp.s3.us-east-2.amazonaws.com/data/imgs/00004/232/171.png","https://phyre-nlp.s3.us-east-2.amazonaws.com/data/imgs/00004/232/171.png","https://phyre-nlp.s3.us-east-2.amazonaws.com/data/imgs/00004/232/171.png","https://phyre-nlp.s3.us-east-2.amazonaws.com/data/imgs/00004/232/171.png","https://phyre-nlp.s3.us-east-2.amazonaws.com/data/imgs/00004/232/171.png","https://phyre-nlp.s3.us-east-2.amazonaws.com/data/imgs/00004/232/171.png","https://phyre-nlp.s3.us-east-2.amazonaws.com/data/imgs/00004/232/171.png","https://phyre-nlp.s3.us-east-2.amazonaws.com/data/imgs/00004/232/171.png","https://phyre-nlp.s3.us-east-2.amazonaws.com/data/imgs/00004/232/171.png","https://phyre-nlp.s3.us-east-2.amazonaws.com/data/imgs/00004/232/171.png","https://phyre-nlp.s3.us-east-2.amazonaws.com/data/imgs/00004/232/171.png","https://phyre-nlp.s3.us-east-2.amazonaws.com/data/imgs/00004/232/171.png","https://phyre-nlp.s3.us-east-2.amazonaws.com/data/imgs/00004/232/171.png","https://phyre-nlp.s3.us-east-2.amazonaws.com/data/imgs/00004/232/171.png","0","36","67","95","135","171","171","171","171","171","171","171","171","171","171","171","171","171","171","171","171","171","171","171","171","171","There are two black bars, one blue bar on top of a black ball. There is a green ball that in a state of falling while the large red ball is ready to fall off the blue bar.","The green ball falls down, avoids the two black bars. The red ball's weight causes the blue bar to shift lower on its side so it starts to roll off. The green ball comes into contact with the red ball, causing the red ball to go further right and the green ball to stay on the blue bar, at least when the last frames were shown.","00004-232"
"34R0BODSP3HBZV8HJEDO97DXPCYE5E","3WZSTMTM4H957FS6KRDTPZ29I2FIYA","Describe salient frames","Using natural language explain why the displayed frames are important to reach the goal","explanation, natural language, text","$1.00","Sat Dec 07 11:41:33 PST 2019","1","BatchId:3862104;OriginalHitTemplateId:928390828;","3600","7200","Sat Dec 07 18:41:33 PST 2019","","","3WEV0KO0OPAA0BPMPHKEKK0QJTRSDZ","A1MJVTR0PCKBWW","Submitted","Sat Dec 07 11:42:45 PST 2019","Sat Dec 07 11:50:22 PST 2019","Sat Dec 07 13:50:22 PST 2019","","","","457","100% (1047/1047)","100% (161/161)","100% (161/161)","00007-101","Add one ball to make sure the green ball is touching the purple bar.","https://phyre-nlp.s3.us-east-2.amazonaws.com/data/imgs/00007/101/collisions.gif","https://phyre-nlp.s3.us-east-2.amazonaws.com/data/imgs/00007/101/0.png","https://phyre-nlp.s3.us-east-2.amazonaws.com/data/imgs/00007/101/3.png","https://phyre-nlp.s3.us-east-2.amazonaws.com/data/imgs/00007/101/81.png","https://phyre-nlp.s3.us-east-2.amazonaws.com/data/imgs/00007/101/82.png","https://phyre-nlp.s3.us-east-2.amazonaws.com/data/imgs/00007/101/115.png","https://phyre-nlp.s3.us-east-2.amazonaws.com/data/imgs/00007/101/132.png","https://phyre-nlp.s3.us-east-2.amazonaws.com/data/imgs/00007/101/133.png","https://phyre-nlp.s3.us-east-2.amazonaws.com/data/imgs/00007/101/151.png","https://phyre-nlp.s3.us-east-2.amazonaws.com/data/imgs/00007/101/153.png","https://phyre-nlp.s3.us-east-2.amazonaws.com/data/imgs/00007/101/160.png","https://phyre-nlp.s3.us-east-2.amazonaws.com/data/imgs/00007/101/262.png","https://phyre-nlp.s3.us-east-2.amazonaws.com/data/imgs/00007/101/263.png","https://phyre-nlp.s3.us-east-2.amazonaws.com/data/imgs/00007/101/345.png","https://phyre-nlp.s3.us-east-2.amazonaws.com/data/imgs/00007/101/402.png","https://phyre-nlp.s3.us-east-2.amazonaws.com/data/imgs/00007/101/404.png","https://phyre-nlp.s3.us-east-2.amazonaws.com/data/imgs/00007/101/412.png","https://phyre-nlp.s3.us-east-2.amazonaws.com/data/imgs/00007/101/412.png","https://phyre-nlp.s3.us-east-2.amazonaws.com/data/imgs/00007/101/412.png","https://phyre-nlp.s3.us-east-2.amazonaws.com/data/imgs/00007/101/412.png","https://phyre-nlp.s3.us-east-2.amazonaws.com/data/imgs/00007/101/412.png","https://phyre-nlp.s3.us-east-2.amazonaws.com/data/imgs/00007/101/412.png","https://phyre-nlp.s3.us-east-2.amazonaws.com/data/imgs/00007/101/412.png","https://phyre-nlp.s3.us-east-2.amazonaws.com/data/imgs/00007/101/412.png","https://phyre-nlp.s3.us-east-2.amazonaws.com/data/imgs/00007/101/412.png","https://phyre-nlp.s3.us-east-2.amazonaws.com/data/imgs/00007/101/412.png","https://phyre-nlp.s3.us-east-2.amazonaws.com/data/imgs/00007/101/412.png","0","3","81","82","115","132","133","151","153","160","262","263","345","402","404","412","412","412","412","412","412","412","412","412","412","412","A small green ball is on a sloped platform near the top of the area. A larger red ball is near the middle underneath the platforms.","The green ball falls onto the sloped platform and rolls to the center opening. The larger red ball falls to the ground. The green ball hits the tips of the adjacent sloped platform and is propelled to the left slightly falling onto the larger red ball below. Falling onto the right side of the red ball makes the green ball go to the right and land on a black horizontal platform before rolling onto a purple platform.","00007-101"
"3LVTFB9DE70YCVN691RF7LT0YO0QGK","3WZSTMTM4H957FS6KRDTPZ29I2FIYA","Describe salient frames","Using natural language explain why the displayed frames are important to reach the goal","explanation, natural language, text","$1.00","Sat Dec 07 11:41:33 PST 2019","1","BatchId:3862104;OriginalHitTemplateId:928390828;","3600","7200","Sat Dec 07 18:41:33 PST 2019","","","3LYA37P8IT5JXVEU6CK6Y8LGZFBBK5","A1MJVTR0PCKBWW","Submitted","Sat Dec 07 12:42:37 PST 2019","Sat Dec 07 12:48:09 PST 2019","Sat Dec 07 14:48:09 PST 2019","","","","332","100% (1047/1047)","100% (161/161)","100% (161/161)","00011-410","Add one ball to make sure the green ball is touching the purple bar.","https://phyre-nlp.s3.us-east-2.amazonaws.com/data/imgs/00011/410/collisions.gif","https://phyre-nlp.s3.us-east-2.amazonaws.com/data/imgs/00011/410/0.png","https://phyre-nlp.s3.us-east-2.amazonaws.com/data/imgs/00011/410/79.png","https://phyre-nlp.s3.us-east-2.amazonaws.com/data/imgs/00011/410/135.png","https://phyre-nlp.s3.us-east-2.amazonaws.com/data/imgs/00011/410/201.png","https://phyre-nlp.s3.us-east-2.amazonaws.com/data/imgs/00011/410/215.png","https://phyre-nlp.s3.us-east-2.amazonaws.com/data/imgs/00011/410/215.png","https://phyre-nlp.s3.us-east-2.amazonaws.com/data/imgs/00011/410/215.png","https://phyre-nlp.s3.us-east-2.amazonaws.com/data/imgs/00011/410/215.png","https://phyre-nlp.s3.us-east-2.amazonaws.com/data/imgs/00011/410/215.png","https://phyre-nlp.s3.us-east-2.amazonaws.com/data/imgs/00011/410/215.png","https://phyre-nlp.s3.us-east-2.amazonaws.com/data/imgs/00011/410/215.png","https://phyre-nlp.s3.us-east-2.amazonaws.com/data/imgs/00011/410/215.png","https://phyre-nlp.s3.us-east-2.amazonaws.com/data/imgs/00011/410/215.png","https://phyre-nlp.s3.us-east-2.amazonaws.com/data/imgs/00011/410/215.png","https://phyre-nlp.s3.us-east-2.amazonaws.com/data/imgs/00011/410/215.png","https://phyre-nlp.s3.us-east-2.amazonaws.com/data/imgs/00011/410/215.png","https://phyre-nlp.s3.us-east-2.amazonaws.com/data/imgs/00011/410/215.png","https://phyre-nlp.s3.us-east-2.amazonaws.com/data/imgs/00011/410/215.png","https://phyre-nlp.s3.us-east-2.amazonaws.com/data/imgs/00011/410/215.png","https://phyre-nlp.s3.us-east-2.amazonaws.com/data/imgs/00011/410/215.png","https://phyre-nlp.s3.us-east-2.amazonaws.com/data/imgs/00011/410/215.png","https://phyre-nlp.s3.us-east-2.amazonaws.com/data/imgs/00011/410/215.png","https://phyre-nlp.s3.us-east-2.amazonaws.com/data/imgs/00011/410/215.png","https://phyre-nlp.s3.us-east-2.amazonaws.com/data/imgs/00011/410/215.png","https://phyre-nlp.s3.us-east-2.amazonaws.com/data/imgs/00011/410/215.png","https://phyre-nlp.s3.us-east-2.amazonaws.com/data/imgs/00011/410/215.png","0","79","135","201","215","215","215","215","215","215","215","215","215","215","215","215","215","215","215","215","215","215","215","215","215","215","a green ball is above a sloped black platform and a smaller red ball is above an opposite sloped purple platform.","The green ball falls down and rolls down the slope to the right, the red ball falls and hits the sloped purple platform and rolls to the left. The red rolls and stops right at the edge of the purple slope, the green rolls off the black platform and onto the purple and stops before rolling into the stopped red ball.","00011-410"
"337F8MIIM1VUCMPNX2VZJQ5FVFT40D","3WZSTMTM4H957FS6KRDTPZ29I2FIYA","Describe salient frames","Using natural language explain why the displayed frames are important to reach the goal","explanation, natural language, text","$1.00","Sat Dec 07 11:41:33 PST 2019","1","BatchId:3862104;OriginalHitTemplateId:928390828;","3600","7200","Sat Dec 07 18:41:33 PST 2019","","","3Q5ZZ9ZEVRXXDEVKWDWQ5HCXUIN858","A1MJVTR0PCKBWW","Submitted","Sat Dec 07 11:42:13 PST 2019","Sat Dec 07 11:44:42 PST 2019","Sat Dec 07 13:44:42 PST 2019","","","","149","100% (1047/1047)","100% (161/161)","100% (161/161)","00014-123","Add one ball to make sure the green ball is touching the purple bar.","https://phyre-nlp.s3.us-east-2.amazonaws.com/data/imgs/00014/123/collisions.gif","https://phyre-nlp.s3.us-east-2.amazonaws.com/data/imgs/00014/123/0.png","https://phyre-nlp.s3.us-east-2.amazonaws.com/data/imgs/00014/123/40.png","https://phyre-nlp.s3.us-east-2.amazonaws.com/data/imgs/00014/123/66.png","https://phyre-nlp.s3.us-east-2.amazonaws.com/data/imgs/00014/123/170.png","https://phyre-nlp.s3.us-east-2.amazonaws.com/data/imgs/00014/123/393.png","https://phyre-nlp.s3.us-east-2.amazonaws.com/data/imgs/00014/123/393.png","https://phyre-nlp.s3.us-east-2.amazonaws.com/data/imgs/00014/123/393.png","https://phyre-nlp.s3.us-east-2.amazonaws.com/data/imgs/00014/123/393.png","https://phyre-nlp.s3.us-east-2.amazonaws.com/data/imgs/00014/123/393.png","https://phyre-nlp.s3.us-east-2.amazonaws.com/data/imgs/00014/123/393.png","https://phyre-nlp.s3.us-east-2.amazonaws.com/data/imgs/00014/123/393.png","https://phyre-nlp.s3.us-east-2.amazonaws.com/data/imgs/00014/123/393.png","https://phyre-nlp.s3.us-east-2.amazonaws.com/data/imgs/00014/123/393.png","https://phyre-nlp.s3.us-east-2.amazonaws.com/data/imgs/00014/123/393.png","https://phyre-nlp.s3.us-east-2.amazonaws.com/data/imgs/00014/123/393.png","https://phyre-nlp.s3.us-east-2.amazonaws.com/data/imgs/00014/123/393.png","https://phyre-nlp.s3.us-east-2.amazonaws.com/data/imgs/00014/123/393.png","https://phyre-nlp.s3.us-east-2.amazonaws.com/data/imgs/00014/123/393.png","https://phyre-nlp.s3.us-east-2.amazonaws.com/data/imgs/00014/123/393.png","https://phyre-nlp.s3.us-east-2.amazonaws.com/data/imgs/00014/123/393.png","https://phyre-nlp.s3.us-east-2.amazonaws.com/data/imgs/00014/123/393.png","https://phyre-nlp.s3.us-east-2.amazonaws.com/data/imgs/00014/123/393.png","https://phyre-nlp.s3.us-east-2.amazonaws.com/data/imgs/00014/123/393.png","https://phyre-nlp.s3.us-east-2.amazonaws.com/data/imgs/00014/123/393.png","https://phyre-nlp.s3.us-east-2.amazonaws.com/data/imgs/00014/123/393.png","https://phyre-nlp.s3.us-east-2.amazonaws.com/data/imgs/00014/123/393.png","0","40","66","170","393","393","393","393","393","393","393","393","393","393","393","393","393","393","393","393","393","393","393","393","393","393","A green small ball is above the left side of a much larger ball that is red.","The green ball falls onto the left side of the red ball, which propels it to the left and onto the purple floor area.","00014-123"
"3MZ3TAMYTN5CKN81C4GIXNGL9NUIR5","3WZSTMTM4H957FS6KRDTPZ29I2FIYA","Describe salient frames","Using natural language explain why the displayed frames are important to reach the goal","explanation, natural language, text","$1.00","Sat Dec 07 11:41:34 PST 2019","1","BatchId:3862104;OriginalHitTemplateId:928390828;","3600","7200","Sat Dec 07 18:41:34 PST 2019","","","3HWRJOOET8KFSH3MLCVYQ2IBJ5TESF","A2UHF7UL7G0Y78","Submitted","Sat Dec 07 11:41:51 PST 2019","Sat Dec 07 12:11:02 PST 2019","Sat Dec 07 14:11:02 PST 2019","","","","1751","100% (481/481)","100% (66/66)","100% (66/66)","00015-390","Add one ball to make sure the green ball is touching the purple bar.","https://phyre-nlp.s3.us-east-2.amazonaws.com/data/imgs/00015/390/collisions.gif","https://phyre-nlp.s3.us-east-2.amazonaws.com/data/imgs/00015/390/0.png","https://phyre-nlp.s3.us-east-2.amazonaws.com/data/imgs/00015/390/60.png","https://phyre-nlp.s3.us-east-2.amazonaws.com/data/imgs/00015/390/528.png","https://phyre-nlp.s3.us-east-2.amazonaws.com/data/imgs/00015/390/528.png","https://phyre-nlp.s3.us-east-2.amazonaws.com/data/imgs/00015/390/528.png","https://phyre-nlp.s3.us-east-2.amazonaws.com/data/imgs/00015/390/528.png","https://phyre-nlp.s3.us-east-2.amazonaws.com/data/imgs/00015/390/528.png","https://phyre-nlp.s3.us-east-2.amazonaws.com/data/imgs/00015/390/528.png","https://phyre-nlp.s3.us-east-2.amazonaws.com/data/imgs/00015/390/528.png","https://phyre-nlp.s3.us-east-2.amazonaws.com/data/imgs/00015/390/528.png","https://phyre-nlp.s3.us-east-2.amazonaws.com/data/imgs/00015/390/528.png","https://phyre-nlp.s3.us-east-2.amazonaws.com/data/imgs/00015/390/528.png","https://phyre-nlp.s3.us-east-2.amazonaws.com/data/imgs/00015/390/528.png","https://phyre-nlp.s3.us-east-2.amazonaws.com/data/imgs/00015/390/528.png","https://phyre-nlp.s3.us-east-2.amazonaws.com/data/imgs/00015/390/528.png","https://phyre-nlp.s3.us-east-2.amazonaws.com/data/imgs/00015/390/528.png","https://phyre-nlp.s3.us-east-2.amazonaws.com/data/imgs/00015/390/528.png","https://phyre-nlp.s3.us-east-2.amazonaws.com/data/imgs/00015/390/528.png","https://phyre-nlp.s3.us-east-2.amazonaws.com/data/imgs/00015/390/528.png","https://phyre-nlp.s3.us-east-2.amazonaws.com/data/imgs/00015/390/528.png","https://phyre-nlp.s3.us-east-2.amazonaws.com/data/imgs/00015/390/528.png","https://phyre-nlp.s3.us-east-2.amazonaws.com/data/imgs/00015/390/528.png","https://phyre-nlp.s3.us-east-2.amazonaws.com/data/imgs/00015/390/528.png","https://phyre-nlp.s3.us-east-2.amazonaws.com/data/imgs/00015/390/528.png","https://phyre-nlp.s3.us-east-2.amazonaws.com/data/imgs/00015/390/528.png","https://phyre-nlp.s3.us-east-2.amazonaws.com/data/imgs/00015/390/528.png","0","60","528","528","528","528","528","528","528","528","528","528","528","528","528","528","528","528","528","528","528","528","528","528","528","528","Green ball on the black bar and red ball falling down to black bar.","Green ball on the black bar and red ball falling down to black bar. Once red ball touch black bar the green ball falling to the ground. At the end green ball on the ground and red ball still staying at black bar.","00015-390"
"34ZTTGSNJZ6CCRIHT79XSL51DODQHJ","3WZSTMTM4H957FS6KRDTPZ29I2FIYA","Describe salient frames","Using natural language explain why the displayed frames are important to reach the goal","explanation, natural language, text","$1.00","Sat Dec 07 11:41:34 PST 2019","1","BatchId:3862104;OriginalHitTemplateId:928390828;","3600","7200","Sat Dec 07 18:41:34 PST 2019","","","3ATPCQ38JBS9YQYJ4DL1C5GLFBWYAN","A299J4PKHAEU9H","Submitted","Sat Dec 07 12:26:24 PST 2019","Sat Dec 07 12:47:35 PST 2019","Sat Dec 07 14:47:35 PST 2019","","","","1271","100% (126/126)","100% (71/71)","100% (71/71)","00015-496","Add one ball to make sure the green ball is touching the purple bar.","https://phyre-nlp.s3.us-east-2.amazonaws.com/data/imgs/00015/496/collisions.gif","https://phyre-nlp.s3.us-east-2.amazonaws.com/data/imgs/00015/496/0.png","https://phyre-nlp.s3.us-east-2.amazonaws.com/data/imgs/00015/496/4.png","https://phyre-nlp.s3.us-east-2.amazonaws.com/data/imgs/00015/496/186.png","https://phyre-nlp.s3.us-east-2.amazonaws.com/data/imgs/00015/496/231.png","https://phyre-nlp.s3.us-east-2.amazonaws.com/data/imgs/00015/496/419.png","https://phyre-nlp.s3.us-east-2.amazonaws.com/data/imgs/00015/496/419.png","https://phyre-nlp.s3.us-east-2.amazonaws.com/data/imgs/00015/496/419.png","https://phyre-nlp.s3.us-east-2.amazonaws.com/data/imgs/00015/496/419.png","https://phyre-nlp.s3.us-east-2.amazonaws.com/data/imgs/00015/496/419.png","https://phyre-nlp.s3.us-east-2.amazonaws.com/data/imgs/00015/496/419.png","https://phyre-nlp.s3.us-east-2.amazonaws.com/data/imgs/00015/496/419.png","https://phyre-nlp.s3.us-east-2.amazonaws.com/data/imgs/00015/496/419.png","https://phyre-nlp.s3.us-east-2.amazonaws.com/data/imgs/00015/496/419.png","https://phyre-nlp.s3.us-east-2.amazonaws.com/data/imgs/00015/496/419.png","https://phyre-nlp.s3.us-east-2.amazonaws.com/data/imgs/00015/496/419.png","https://phyre-nlp.s3.us-east-2.amazonaws.com/data/imgs/00015/496/419.png","https://phyre-nlp.s3.us-east-2.amazonaws.com/data/imgs/00015/496/419.png","https://phyre-nlp.s3.us-east-2.amazonaws.com/data/imgs/00015/496/419.png","https://phyre-nlp.s3.us-east-2.amazonaws.com/data/imgs/00015/496/419.png","https://phyre-nlp.s3.us-east-2.amazonaws.com/data/imgs/00015/496/419.png","https://phyre-nlp.s3.us-east-2.amazonaws.com/data/imgs/00015/496/419.png","https://phyre-nlp.s3.us-east-2.amazonaws.com/data/imgs/00015/496/419.png","https://phyre-nlp.s3.us-east-2.amazonaws.com/data/imgs/00015/496/419.png","https://phyre-nlp.s3.us-east-2.amazonaws.com/data/imgs/00015/496/419.png","https://phyre-nlp.s3.us-east-2.amazonaws.com/data/imgs/00015/496/419.png","https://phyre-nlp.s3.us-east-2.amazonaws.com/data/imgs/00015/496/419.png","0","4","186","231","419","419","419","419","419","419","419","419","419","419","419","419","419","419","419","419","419","419","419","419","419","419","good style","good effect and style","00015-496"
"3WA2XVDZEOZ7IZ8VOXNT1DRXL79E6U","3WZSTMTM4H957FS6KRDTPZ29I2FIYA","Describe salient frames","Using natural language explain why the displayed frames are important to reach the goal","explanation, natural language, text","$1.00","Sat Dec 07 11:41:34 PST 2019","1","BatchId:3862104;OriginalHitTemplateId:928390828;","3600","7200","Sat Dec 07 18:41:34 PST 2019","","","31QNSG6A5UBC0I93K6BN31QTLOI87N","A1MJVTR0PCKBWW","Submitted","Sat Dec 07 11:42:24 PST 2019","Sat Dec 07 11:47:06 PST 2019","Sat Dec 07 13:47:06 PST 2019","","","","282","100% (1047/1047)","100% (161/161)","100% (161/161)","00020-061","Add one ball to make sure the green ball is touching the purple bar.","https://phyre-nlp.s3.us-east-2.amazonaws.com/data/imgs/00020/061/collisions.gif","https://phyre-nlp.s3.us-east-2.amazonaws.com/data/imgs/00020/061/0.png","https://phyre-nlp.s3.us-east-2.amazonaws.com/data/imgs/00020/061/85.png","https://phyre-nlp.s3.us-east-2.amazonaws.com/data/imgs/00020/061/203.png","https://phyre-nlp.s3.us-east-2.amazonaws.com/data/imgs/00020/061/203.png","https://phyre-nlp.s3.us-east-2.amazonaws.com/data/imgs/00020/061/203.png","https://phyre-nlp.s3.us-east-2.amazonaws.com/data/imgs/00020/061/203.png","https://phyre-nlp.s3.us-east-2.amazonaws.com/data/imgs/00020/061/203.png","https://phyre-nlp.s3.us-east-2.amazonaws.com/data/imgs/00020/061/203.png","https://phyre-nlp.s3.us-east-2.amazonaws.com/data/imgs/00020/061/203.png","https://phyre-nlp.s3.us-east-2.amazonaws.com/data/imgs/00020/061/203.png","https://phyre-nlp.s3.us-east-2.amazonaws.com/data/imgs/00020/061/203.png","https://phyre-nlp.s3.us-east-2.amazonaws.com/data/imgs/00020/061/203.png","https://phyre-nlp.s3.us-east-2.amazonaws.com/data/imgs/00020/061/203.png","https://phyre-nlp.s3.us-east-2.amazonaws.com/data/imgs/00020/061/203.png","https://phyre-nlp.s3.us-east-2.amazonaws.com/data/imgs/00020/061/203.png","https://phyre-nlp.s3.us-east-2.amazonaws.com/data/imgs/00020/061/203.png","https://phyre-nlp.s3.us-east-2.amazonaws.com/data/imgs/00020/061/203.png","https://phyre-nlp.s3.us-east-2.amazonaws.com/data/imgs/00020/061/203.png","https://phyre-nlp.s3.us-east-2.amazonaws.com/data/imgs/00020/061/203.png","https://phyre-nlp.s3.us-east-2.amazonaws.com/data/imgs/00020/061/203.png","https://phyre-nlp.s3.us-east-2.amazonaws.com/data/imgs/00020/061/203.png","https://phyre-nlp.s3.us-east-2.amazonaws.com/data/imgs/00020/061/203.png","https://phyre-nlp.s3.us-east-2.amazonaws.com/data/imgs/00020/061/203.png","https://phyre-nlp.s3.us-east-2.amazonaws.com/data/imgs/00020/061/203.png","https://phyre-nlp.s3.us-east-2.amazonaws.com/data/imgs/00020/061/203.png","https://phyre-nlp.s3.us-east-2.amazonaws.com/data/imgs/00020/061/203.png","0","85","203","203","203","203","203","203","203","203","203","203","203","203","203","203","203","203","203","203","203","203","203","203","203","203","A gree ball is on top and a red ball is on a sloped platform that leads to the path underneath the green ball.","The green ball drops and the red ball rolls down the slope. The two ball meet in the pathway underneath the green ball, and the red ball pushes the green into the compartment on the right side.","00020-061"
"3MVY4USGB85OL28ERTGNNXLHVPDIST","3WZSTMTM4H957FS6KRDTPZ29I2FIYA","Describe salient frames","Using natural language explain why the displayed frames are important to reach the goal","explanation, natural language, text","$1.00","Sat Dec 07 11:41:34 PST 2019","1","BatchId:3862104;OriginalHitTemplateId:928390828;","3600","7200","Sat Dec 07 18:41:34 PST 2019","","","30MVJZJNHPV5YITFQ76Y6NQDWP09JK","A2CK0OXMPOR9LE","Submitted","Sat Dec 07 11:44:07 PST 2019","Sat Dec 07 12:33:02 PST 2019","Sat Dec 07 14:33:02 PST 2019","","","","2935","100% (238/238)","100% (53/53)","100% (53/53)","00011-391","Add one ball to make sure the green ball is touching the purple bar.","https://phyre-nlp.s3.us-east-2.amazonaws.com/data/imgs/00011/391/collisions.gif","https://phyre-nlp.s3.us-east-2.amazonaws.com/data/imgs/00011/391/0.png","https://phyre-nlp.s3.us-east-2.amazonaws.com/data/imgs/00011/391/84.png","https://phyre-nlp.s3.us-east-2.amazonaws.com/data/imgs/00011/391/111.png","https://phyre-nlp.s3.us-east-2.amazonaws.com/data/imgs/00011/391/153.png","https://phyre-nlp.s3.us-east-2.amazonaws.com/data/imgs/00011/391/174.png","https://phyre-nlp.s3.us-east-2.amazonaws.com/data/imgs/00011/391/174.png","https://phyre-nlp.s3.us-east-2.amazonaws.com/data/imgs/00011/391/174.png","https://phyre-nlp.s3.us-east-2.amazonaws.com/data/imgs/00011/391/174.png","https://phyre-nlp.s3.us-east-2.amazonaws.com/data/imgs/00011/391/174.png","https://phyre-nlp.s3.us-east-2.amazonaws.com/data/imgs/00011/391/174.png","https://phyre-nlp.s3.us-east-2.amazonaws.com/data/imgs/00011/391/174.png","https://phyre-nlp.s3.us-east-2.amazonaws.com/data/imgs/00011/391/174.png","https://phyre-nlp.s3.us-east-2.amazonaws.com/data/imgs/00011/391/174.png","https://phyre-nlp.s3.us-east-2.amazonaws.com/data/imgs/00011/391/174.png","https://phyre-nlp.s3.us-east-2.amazonaws.com/data/imgs/00011/391/174.png","https://phyre-nlp.s3.us-east-2.amazonaws.com/data/imgs/00011/391/174.png","https://phyre-nlp.s3.us-east-2.amazonaws.com/data/imgs/00011/391/174.png","https://phyre-nlp.s3.us-east-2.amazonaws.com/data/imgs/00011/391/174.png","https://phyre-nlp.s3.us-east-2.amazonaws.com/data/imgs/00011/391/174.png","https://phyre-nlp.s3.us-east-2.amazonaws.com/data/imgs/00011/391/174.png","https://phyre-nlp.s3.us-east-2.amazonaws.com/data/imgs/00011/391/174.png","https://phyre-nlp.s3.us-east-2.amazonaws.com/data/imgs/00011/391/174.png","https://phyre-nlp.s3.us-east-2.amazonaws.com/data/imgs/00011/391/174.png","https://phyre-nlp.s3.us-east-2.amazonaws.com/data/imgs/00011/391/174.png","https://phyre-nlp.s3.us-east-2.amazonaws.com/data/imgs/00011/391/174.png","https://phyre-nlp.s3.us-east-2.amazonaws.com/data/imgs/00011/391/174.png","0","84","111","153","174","174","174","174","174","174","174","174","174","174","174","174","174","174","174","174","174","174","174","174","174","174","Initial state is in movement. The small black bar and larger purple ball are at an angle that facilitates gravity working. Both balls are at an angle so it makes sense they move down.","They start making their way down, and when Time Step 153 happens, the two balls collide, with the bigger green ball falling behind the red ball. I imagine the weight of the green ball caused the red ball to propel forward and head of it. From there, the red and green ball are just about to fall off in that order onto the bottom.","00011-391"
"3FCO4VKOZ6VQMZM077SL7RRTGITE7T","3WZSTMTM4H957FS6KRDTPZ29I2FIYA","Describe salient frames","Using natural language explain why the displayed frames are important to reach the goal","explanation, natural language, text","$1.00","Sat Dec 07 11:41:34 PST 2019","1","BatchId:3862104;OriginalHitTemplateId:928390828;","3600","7200","Sat Dec 07 18:41:34 PST 2019","","","3VA45EW49Q51AOHH27JAZDPGX8UO1J","A1MJVTR0PCKBWW","Submitted","Sat Dec 07 12:42:38 PST 2019","Sat Dec 07 12:50:41 PST 2019","Sat Dec 07 14:50:41 PST 2019","","","","483","100% (1047/1047)","100% (161/161)","100% (161/161)","00011-226","Add one ball to make sure the green ball is touching the purple bar.","https://phyre-nlp.s3.us-east-2.amazonaws.com/data/imgs/00011/226/collisions.gif","https://phyre-nlp.s3.us-east-2.amazonaws.com/data/imgs/00011/226/0.png","https://phyre-nlp.s3.us-east-2.amazonaws.com/data/imgs/00011/226/84.png","https://phyre-nlp.s3.us-east-2.amazonaws.com/data/imgs/00011/226/111.png","https://phyre-nlp.s3.us-east-2.amazonaws.com/data/imgs/00011/226/144.png","https://phyre-nlp.s3.us-east-2.amazonaws.com/data/imgs/00011/226/175.png","https://phyre-nlp.s3.us-east-2.amazonaws.com/data/imgs/00011/226/175.png","https://phyre-nlp.s3.us-east-2.amazonaws.com/data/imgs/00011/226/175.png","https://phyre-nlp.s3.us-east-2.amazonaws.com/data/imgs/00011/226/175.png","https://phyre-nlp.s3.us-east-2.amazonaws.com/data/imgs/00011/226/175.png","https://phyre-nlp.s3.us-east-2.amazonaws.com/data/imgs/00011/226/175.png","https://phyre-nlp.s3.us-east-2.amazonaws.com/data/imgs/00011/226/175.png","https://phyre-nlp.s3.us-east-2.amazonaws.com/data/imgs/00011/226/175.png","https://phyre-nlp.s3.us-east-2.amazonaws.com/data/imgs/00011/226/175.png","https://phyre-nlp.s3.us-east-2.amazonaws.com/data/imgs/00011/226/175.png","https://phyre-nlp.s3.us-east-2.amazonaws.com/data/imgs/00011/226/175.png","https://phyre-nlp.s3.us-east-2.amazonaws.com/data/imgs/00011/226/175.png","https://phyre-nlp.s3.us-east-2.amazonaws.com/data/imgs/00011/226/175.png","https://phyre-nlp.s3.us-east-2.amazonaws.com/data/imgs/00011/226/175.png","https://phyre-nlp.s3.us-east-2.amazonaws.com/data/imgs/00011/226/175.png","https://phyre-nlp.s3.us-east-2.amazonaws.com/data/imgs/00011/226/175.png","https://phyre-nlp.s3.us-east-2.amazonaws.com/data/imgs/00011/226/175.png","https://phyre-nlp.s3.us-east-2.amazonaws.com/data/imgs/00011/226/175.png","https://phyre-nlp.s3.us-east-2.amazonaws.com/data/imgs/00011/226/175.png","https://phyre-nlp.s3.us-east-2.amazonaws.com/data/imgs/00011/226/175.png","https://phyre-nlp.s3.us-east-2.amazonaws.com/data/imgs/00011/226/175.png","https://phyre-nlp.s3.us-east-2.amazonaws.com/data/imgs/00011/226/175.png","0","84","111","144","175","175","175","175","175","175","175","175","175","175","175","175","175","175","175","175","175","175","175","175","175","175","The green ball is above a sloped black platform and a smaller red is above a sloped purple platform sloped the opposite direction.","The balls falls with the green ball hitting the black platform and rolling to the right. The red falls and hits the purple platform and then rolls to the left. The green rolls off the edge of the black platform and before touching the purple platform, lands on the top of the red ball before rolling to the right onto the purple slope.","00011-226"
"3E22YV8GG3OJMB3DWSPLX0CNU40NPY","3WZSTMTM4H957FS6KRDTPZ29I2FIYA","Describe salient frames","Using natural language explain why the displayed frames are important to reach the goal","explanation, natural language, text","$1.00","Sat Dec 07 11:41:34 PST 2019","1","BatchId:3862104;OriginalHitTemplateId:928390828;","3600","7200","Sat Dec 07 18:41:34 PST 2019","","","3HSYG7LRBMGKQYIOCPXZXB46M8CKKO","A1Z6F6EIUJFC6T","Submitted","Sat Dec 07 11:42:45 PST 2019","Sat Dec 07 11:58:42 PST 2019","Sat Dec 07 13:58:42 PST 2019","","","","957","100% (225/225)","100% (71/71)","100% (71/71)","00003-089","Add one ball to make sure the green bar is touching the purple bar.","https://phyre-nlp.s3.us-east-2.amazonaws.com/data/imgs/00003/089/collisions.gif","https://phyre-nlp.s3.us-east-2.amazonaws.com/data/imgs/00003/089/0.png","https://phyre-nlp.s3.us-east-2.amazonaws.com/data/imgs/00003/089/94.png","https://phyre-nlp.s3.us-east-2.amazonaws.com/data/imgs/00003/089/140.png","https://phyre-nlp.s3.us-east-2.amazonaws.com/data/imgs/00003/089/140.png","https://phyre-nlp.s3.us-east-2.amazonaws.com/data/imgs/00003/089/140.png","https://phyre-nlp.s3.us-east-2.amazonaws.com/data/imgs/00003/089/140.png","https://phyre-nlp.s3.us-east-2.amazonaws.com/data/imgs/00003/089/140.png","https://phyre-nlp.s3.us-east-2.amazonaws.com/data/imgs/00003/089/140.png","https://phyre-nlp.s3.us-east-2.amazonaws.com/data/imgs/00003/089/140.png","https://phyre-nlp.s3.us-east-2.amazonaws.com/data/imgs/00003/089/140.png","https://phyre-nlp.s3.us-east-2.amazonaws.com/data/imgs/00003/089/140.png","https://phyre-nlp.s3.us-east-2.amazonaws.com/data/imgs/00003/089/140.png","https://phyre-nlp.s3.us-east-2.amazonaws.com/data/imgs/00003/089/140.png","https://phyre-nlp.s3.us-east-2.amazonaws.com/data/imgs/00003/089/140.png","https://phyre-nlp.s3.us-east-2.amazonaws.com/data/imgs/00003/089/140.png","https://phyre-nlp.s3.us-east-2.amazonaws.com/data/imgs/00003/089/140.png","https://phyre-nlp.s3.us-east-2.amazonaws.com/data/imgs/00003/089/140.png","https://phyre-nlp.s3.us-east-2.amazonaws.com/data/imgs/00003/089/140.png","https://phyre-nlp.s3.us-east-2.amazonaws.com/data/imgs/00003/089/140.png","https://phyre-nlp.s3.us-east-2.amazonaws.com/data/imgs/00003/089/140.png","https://phyre-nlp.s3.us-east-2.amazonaws.com/data/imgs/00003/089/140.png","https://phyre-nlp.s3.us-east-2.amazonaws.com/data/imgs/00003/089/140.png","https://phyre-nlp.s3.us-east-2.amazonaws.com/data/imgs/00003/089/140.png","https://phyre-nlp.s3.us-east-2.amazonaws.com/data/imgs/00003/089/140.png","https://phyre-nlp.s3.us-east-2.amazonaws.com/data/imgs/00003/089/140.png","https://phyre-nlp.s3.us-east-2.amazonaws.com/data/imgs/00003/089/140.png","0","94","140","140","140","140","140","140","140","140","140","140","140","140","140","140","140","140","140","140","140","140","140","140","140","140","The black platform is in the middle, with a distance to the right wall slightly larger than the size of the green ball.The green ball is hovering over the black platform.The red ball is placed left below the green ball.The purple bar is at the bottom.","Both green ball and red ball fall down. The red ball lands on the black platform first, and the green ball falls onto the red ball. The green ball is then bounced to right, lands on the black platform, and moves to the right. The green ball falls through the black platform and finally lands on the purple bar at the bottom.","00003-089"